"from_id","from_id_name","to_id","to_id_name","weight"
2,"日間自然光線",9,"日間自然光線",1
2,"日間自然光線",11,"夜間(或隧道、地下道、涵洞)有照明",2
2,"日間自然光線",17,"市區道路",3
2,"日間自然光線",84,"單路部分-彎曲路及附近",1
2,"日間自然光線",87,"單路部分-直路",2
2,"日間自然光線",120,"路段-一般車道(未劃分快慢車道)",3
2,"日間自然光線",126,"柏油",3
2,"日間自然光線",135,"乾燥",3
2,"日間自然光線",139,"無缺陷",3
2,"日間自然光線",149,"無障礙物",3
2,"日間自然光線",156,"良好",3
2,"日間自然光線",164,"無號誌",3
2,"日間自然光線",166,"無分向設施",1
2,"日間自然光線",168,"中央分向島-窄式無柵欄",1
2,"日間自然光線",170,"雙向禁止超車線-無標記",1
2,"日間自然光線",178,"車道線(無標記)",2
2,"日間自然光線",179,"無繪設車道線",1
2,"日間自然光線",184,"無繪設快慢車道分隔線",3
2,"日間自然光線",196,"車與車-側撞",2
2,"日間自然光線",201,"汽(機)車本身-撞路欄(樁)",1
2,"日間自然光線",223,"戴安全帽或繫安全帶(使用幼童安全椅)",2
2,"日間自然光線",224,"未戴安全帽或未繫安全帶(未使用幼童安全椅)",1
2,"日間自然光線",226,"其他(行人、慢車駕駛人、汽車後座乘客)",2
2,"日間自然光線",248,"小客車-自用",1
2,"日間自然光線",250,"小貨車(含客、貨兩用)-自用",1
2,"日間自然光線",264,"慢車-腳踏自行車",1
2,"日間自然光線",284,"車的狀態-停等(引擎未熄火)",1
2,"日間自然光線",296,"車的狀態-右轉彎",1
2,"日間自然光線",299,"車的狀態-向前直行中",1
2,"日間自然光線",300,"有適當之駕照",2
2,"日間自然光線",307,"非汽(機)車駕駛人",1
2,"日間自然光線",308,"經觀察未飲酒",1
2,"日間自然光線",311,"經檢測無酒精反應",2
2,"日間自然光線",334,"駕駛人-未注意車前狀態",1
2,"日間自然光線",354,"其他-使用手持行動電話失控",2
