"from_id","from_id_name","to_id","to_id_name","total"
3,"風沙",17,"市區道路",0
5,"雪",17,"市區道路",0
17,"市區道路",21,"平交道-有遮斷器",0
17,"市區道路",22,"平交道-無遮斷器",0
17,"市區道路",51,"交流道-加速車道",0
17,"市區道路",58,"其他-收費站附近",0
17,"市區道路",137,"汽(機)車本身-撞收費亭",0
17,"市區道路",145,"平交道事故-衝過(或撞壞)遮斷器",0
17,"市區道路",146,"平交道事故-正越過平交道中",0
17,"市區道路",147,"平交道事故-暫停位置不當",0
17,"市區道路",148,"平交道事故-在平交道內無法行動",0
17,"市區道路",149,"平交道事故-其他",0
17,"市區道路",161,"大客車-公營客運",0
17,"市區道路",164,"大客車-自用大客車",0
17,"市區道路",168,"全聯結車-自用",0
17,"市區道路",182,"機車-小型輕型",0
17,"市區道路",183,"軍車-大客車",0
17,"市區道路",184,"軍車-載重車",0
17,"市區道路",185,"軍車-小型車",0
17,"市區道路",189,"特種車-工程車",0
17,"市區道路",195,"慢車-獸力車",0
17,"市區道路",197,"其他車-拼裝車",0
17,"市區道路",200,"其他車-拖車(架)",0
17,"市區道路",201,"其他車-火車",0
17,"市區道路",265,"駕駛人-吸食違禁物後駕駛失控",0
17,"市區道路",269,"駕駛人-搶(闖)越平交道",0
17,"市區道路",273,"燈光-暗處停車無燈光、標識",0
17,"市區道路",274,"燈光-夜間行駛無燈光設備",0
17,"市區道路",277,"裝載-超載人員而失控",0
17,"市區道路",280,"裝載-裝載未盡安全措施",0
17,"市區道路",284,"其他-拋錨未採安全措施",0
17,"市區道路",291,"機件-方向操縱系統故障",0
17,"市區道路",292,"機件-燈光系統故障",0
17,"市區道路",294,"機件-車輛零件脫落",0
17,"市區道路",300,"行人(或乘客)-未待車輛停妥而上下車",0
17,"市區道路",302,"行人(或乘客)-頭手伸出車外而肇事",0
17,"市區道路",303,"行人(或乘客)-乘坐不當而跌落",0
17,"市區道路",304,"行人(或乘客)-在路上工作未設適當標識",0
17,"市區道路",307,"交通管制(設施)-交通管制設施失靈或損毀",0
17,"市區道路",308,"交通管制(設施)-交通指揮不當",0
17,"市區道路",309,"交通管制(設施)-平交道看守疏失或未放柵欄",0
17,"市區道路",310,"交通管制(設施)-其他交通管制不當",0
17,"市區道路",311,"無(非車輛駕駛人因素)-動物竄出",0
