"factor","factorRank","caseWeight"
"無缺陷",1,21654
"柏油",2,21622
"無障礙物",3,21494
"視距良好",4,21444
"非駕駛人，未檢測",5,20204
"乾燥",6,20199
"晴",7,19686
"有適當之駕照",8,19464
"戴安全帽或繫安全帶(使用幼童安全椅)",9,18407
"未使用行動電話",10,18105
"無路面邊線",11,16672
"無繪設快慢車道分隔線",12,16176
"日間自然光線",13,15880
"無繪設車道線",14,14181
"無號誌",15,12650
"無號誌",16,12648
"機車-普通重型",17,11716
"交岔路口-交岔路口內",18,10994
"車的狀態-向前直行中",19,10282
"行車分向線-無標記",20,10114
"號誌動作正常",21,9017
"交岔路-四岔路",22,8434
"車與車-側撞",23,7259
"單路部分-直路",24,7023
"小客車-自用",25,6897
"車道線(無標記)",26,6203
"行車管制號誌",27,6171
"雙向禁止超車線-附標記",28,5464
"駕駛人-未依規定讓車",29,5441
"有路面邊線",30,5058
"夜間(或隧道、地下道、涵洞)有照明",31,4987
