id,name,en_name
1,天候,weather
2,光線,light
3,道路類別,road_category
4,道路型態,road_type
5,事故位置,road_position
6,路面鋪裝,road_material
7,路面狀態,road_condition
8,路面缺陷,road_defect
9,障礙物,road_obstacle
10,視距,road_sight
11,號誌種類,sign_type
12,號誌動作,sign_action
13,車道劃分設施-分向設施,facility_direction
14,快車道或一般車道間分道設施,facility_fast_normal
15,快慢車道間分道設施,facility_fast_slow
16,路面邊線,sideline
17,事故類型及型態,accident_type
18,保護裝備,protection
19,行動電話,phone_usage
20,當事者區分,transportation_type
21,當事者行動狀態,transportation_action
22,駕駛資格情形,license_qualification
23,飲酒情形,alcohol_breath_test
24,肇事因素,factor
